{
    "pop_fracs": [
        [
            0.3771077769,
            0.1744692313,
            0.2130738259,
            0.07227578963,
            0.05147885598,
            0.04364552029,
            0.02718384893,
            0.01451678525,
            0.02624836593
        ]
    ],
    "meta_matrix": [ [ 1.0 ] ]
}