{
    "pop_fracs": [
        [
            0.3771077769,
            0.1744692313,
            0.2130738259,
            0.07227578963,
            0.05147885598,
            0.04364552029,
            0.02718384893,
            0.01451678525,
            0.02624836593
        ],
        [
            0.5790258783,
            0.1683859957,
            0.05712348893,
            0.04359733917,
            0.03548852695,
            0.0451325654,
            0.03935404056,
            0.01167552257,
            0.01055548401,
            0.009661158416
        ],
        [
            0.472724139,
            0.1443461065,
            0.03264544331,
            0.1245769902,
            0.04056260275,
            0.03439035051,
            0.04498079947,
            0.01334486452,
            0.04825874066,
            0.04416996305
        ],
        [
            0.5559842653,
            0.1914068446,
            0.09034172148,
            0.07325926546,
            0.03157069457,
            0.02081854892,
            0.01296646907,
            0.01615689928,
            0,
            0.005729729349,
            0.00176556195
        ]
    ],
    "meta_matrix": [
        [
            0.8351648352,
            0.03296703297,
            0.05054945055,
            0.08131868132
        ],
        [
            0.02033898305,
            0.9593220339,
            0.02033898305,
            0.0
        ],
        [
            0.1634615385,
            0.1057692308,
            0.6923076923,
            0.03846153846
        ],
        [
            0.06875,
            0.0125,
            0.05,
            0.86875
        ]
    ]
}